symbol,split,heldout,signal_time,immediate_time,delayed_time,quantity,immediate_price,delayed_price,saving_cny,saving_bps,notional,exit_capacity,top1_shortfall
600030,morning,true,35272.0,35275.0,36175.0,200,26.76,26.819999465942384,-12.000013187408449,-22.421549303827444,5352.0,true,false
600031,morning,false,35526.0,35529.0,36429.0,100,17.729999313354494,17.819999465942384,-9.00010525894165,-50.76201696275667,1772.9999313354494,true,false
600036,morning,false,34617.0,34620.0,35520.0,100,40.78999877929687,40.80000091552734,-1.0002236251831054,-2.4521295786132082,4078.9998779296875,true,false
600089,morning,false,34504.0,34507.0,35407.0,300,18.16999984741211,18.100000152587892,21.000118446350097,38.52525889323928,5450.999954223634,true,false
600111,morning,false,34749.0,34752.0,35652.0,100,37.660001525878904,37.51,15.000302589416503,39.83086028052525,3766.0001525878906,true,false
600150,morning,true,34506.0,34509.0,35409.0,200,39.53999877929687,39.19000030517578,70.00039482116699,88.51845850058443,7907.999755859375,true,false
600276,morning,false,36088.0,36091.0,36991.0,100,45.85999847412109,45.78999877929687,7.0000394821167,15.263933089894975,4585.999847412109,true,false
600309,morning,false,34672.0,34675.0,35575.0,100,70.07999969482422,69.80700241088867,27.300001390839192,38.9554816063383,7007.999969482423,true,true
600406,morning,false,34506.0,34509.0,35409.0,100,22.16999984741211,22.23999954223633,-7.0000394821167,-31.574377673862774,2216.999984741211,true,false
600760,morning,true,34697.0,34700.0,35600.0,100,44.35999847412109,44.28399978637695,7.599944773101664,17.132427940761424,4435.999847412109,true,true
600887,morning,false,39489.0,39492.0,40392.0,100,26.95000053405762,26.960000762939455,-1.000032888412476,-3.7106971005388334,2695.0000534057617,true,false
600900,morning,true,35097.0,35100.0,36000.0,300,28.030000457763673,28.05999923706055,-8.999723785400391,-10.702489759096279,8409.000137329102,true,false
601088,morning,false,37162.0,37165.0,38065.0,100,47.37000061035156,47.44999862670898,-7.9998816337585446,-16.88807585113344,4737.000061035156,true,false
601166,morning,false,34504.0,34507.0,35407.0,500,17.860000381469728,17.860000381469728,0.0,0.0,8930.000190734863,true,false
601211,morning,false,35385.0,35388.0,36288.0,100,17.659999618530275,17.707000694274903,-4.700154575538564,-26.61469239561471,1765.9999618530276,true,true
601288,morning,false,34566.0,34569.0,35469.0,1400,6.859999904632568,6.829643020629883,42.500062600135806,44.25246063199698,9603.999866485596,true,true
601318,morning,false,34742.0,34745.0,35645.0,100,54.2699983215332,54.320001373291014,-5.000355178833008,-9.213848044010296,5426.99983215332,true,false
601398,morning,false,34565.0,34568.0,35468.0,1200,8.079999694824219,8.060000190734863,23.999644901275634,24.7521099502114,9695.999633789062,true,false
601600,morning,true,34904.0,34907.0,35807.0,500,9.230000267028808,9.209999809265137,10.000328884124755,21.669184387453807,4615.000133514404,true,false
601601,morning,false,34637.0,34640.0,35540.0,100,31.89999938964844,31.839999923706056,6.000006593704223,18.80879845926024,3189.9999389648438,true,false
601628,morning,false,34699.0,34702.0,35602.0,100,38.53000045776367,38.653000030517575,-12.300080274963237,-31.923384710172797,3853.000045776367,true,true
601658,morning,false,34502.0,34505.0,35405.0,1300,5.330000171661377,5.310000190734863,26.000235204219816,37.523790398094526,6929.00022315979,true,false
601688,morning,false,35183.0,35186.0,36086.0,200,18.409999618530275,18.45000053405762,-8.000263107299805,-21.72803713490378,3681.999923706055,true,false
601857,morning,false,37567.0,37570.0,38470.0,900,10.739999542236328,10.739999542236328,0.0,0.0,9665.999588012695,true,false
601888,morning,false,34829.0,34832.0,35732.0,100,52.51,52.53000045776367,-2.0000657768249512,-3.808923589459058,5251.0,true,false
601899,morning,false,34519.0,34522.0,35422.0,100,31.659999618530275,31.479999313354494,18.0002105178833,56.85474016035035,3165.9999618530273,true,false
601919,morning,false,34530.0,34533.0,35433.0,100,16.430000076293947,16.389999160766603,4.0001315536499025,24.346509647443632,1643.0000076293948,true,false
601988,morning,false,34570.0,34573.0,35473.0,1500,6.609999904632568,6.569999942779541,60.00054277896881,60.514920468625,9914.999856948853,true,false
603501,morning,false,36392.0,36395.0,37295.0,100,82.28999877929688,82.35699783325195,-6.6999723945611995,-8.141903626138864,8228.999877929688,true,true
603993,morning,false,34536.0,34539.0,35439.0,100,17.850000152587892,17.729999313354494,12.000203924179077,67.22803261399012,1785.0000152587893,true,false
600030,afternoon,true,47410.0,47413.0,48313.0,100,26.780000457763673,26.710000762939455,7.0000394821167,26.139056618601924,2678.000045776367,true,false
600031,afternoon,false,47100.0,47103.0,48003.0,500,17.729999313354494,17.70000053405762,14.999539642333986,16.91995513055222,8864.999656677246,true,false
600036,afternoon,false,47100.0,47103.0,48003.0,100,40.629998931884764,40.67999816894531,-4.999973705291748,-12.306113307248877,4062.9998931884766,true,false
600089,afternoon,false,48055.0,48058.0,48958.0,500,18.05999923706055,18.05999923706055,0.0,0.0,9029.999618530273,true,false
600111,afternoon,false,50469.0,50472.0,51372.0,100,37.46000076293945,37.48000122070312,-2.0000657768249512,-5.339203780272448,3746.0000762939453,true,false
600150,afternoon,true,47955.0,47958.0,48858.0,100,38.660001525878904,38.69999862670898,-3.999750080108642,-10.345964620387353,3866.0001525878906,true,false
600276,afternoon,false,47179.0,47182.0,48082.0,100,45.55000091552734,45.489999542236326,6.000197330474854,13.17277104253465,4555.000091552734,true,false
600760,afternoon,true,48992.0,48995.0,49895.0,100,44.17999816894531,44.21000076293945,-3.0002894020080566,-6.791058230774212,4417.999816894531,true,false
601127,afternoon,false,50811.0,50814.0,51714.0,100,47.309999237060545,47.28000045776367,2.999907928466798,6.340959579041387,4730.999923706055,true,false
601211,afternoon,false,47115.0,47118.0,48018.0,200,17.680000076293947,17.57999969482422,20.00027629470825,56.561867105208385,3536.0000152587895,true,false
601288,afternoon,false,47100.0,47103.0,48003.0,1400,6.790000209808349,6.799999961853027,-13.999792859077454,-14.727322140216003,9506.00029373169,true,false
601318,afternoon,false,47105.0,47108.0,48008.0,100,54.129998931884764,54.090001831054686,3.999750080108642,7.389156029989549,5412.999893188477,true,false
601600,afternoon,true,47102.0,47105.0,48005.0,800,9.129999885559082,9.140000114440918,-8.000263107299805,-10.953262880038228,7303.999908447266,true,false
601601,afternoon,false,47387.0,47390.0,48290.0,100,31.839999923706056,31.729999313354494,11.0001710357666,34.54827594888456,3183.9999923706055,true,false
601628,afternoon,false,47536.0,47539.0,48439.0,100,38.60999847412109,38.570001373291014,3.999750080108644,10.35936347624964,3860.9998474121094,true,false
601688,afternoon,false,49688.0,49691.0,50591.0,500,18.350000152587892,18.36780055999756,-8.90029270687018,-9.70059142546108,9175.000076293945,true,true
601857,afternoon,false,48541.0,48544.0,49444.0,100,10.709999809265137,10.739999542236328,-3.000003296852112,-28.01123576357894,1070.9999809265137,true,false
601899,afternoon,false,48061.0,48064.0,48964.0,100,31.460000762939455,31.460000762939455,0.0,0.0,3146.0000762939453,true,false
601919,afternoon,false,47253.0,47256.0,48156.0,100,16.41999984741211,16.370000610351564,4.999973705291747,30.450510059412526,1641.9999847412112,true,false
603019,afternoon,false,48111.0,48114.0,49014.0,100,83.66000152587891,83.66000152587891,0.0,0.0,8366.00015258789,true,false
603993,afternoon,false,52131.0,52134.0,53034.0,100,17.659999618530275,17.6300008392334,2.999907928466797,16.987021479428886,1765.9999618530276,true,false
