feature,direction,threshold,horizon,trades,failures,eligible,saving_bps
obi5,1,0.6,900,25,0,true,15.35137842095641
obi5,1,0.6,1800,25,0,true,14.126933301490428
obi1,-1,0.8,900,32,0,true,12.912685167558676
obi1,-1,0.6,900,32,0,true,11.644821733545992
obi1,1,0.8,900,24,0,true,10.573591961929958
obi1,1,0.6,900,30,0,true,7.199035971860646
obi1,-1,0.8,1800,32,0,true,7.070677337202211
obi5,-1,0.6,1800,19,0,true,6.26444570404592
trade_imbalance,1,0.8,900,19,0,true,5.571732825940892
trade_imbalance,1,0.6,900,27,0,true,4.993813117541117
obi1,-1,0.6,1800,32,0,true,4.0414910059684805
obi1,1,0.8,1800,24,0,true,3.6593055094967246
trade_imbalance,1,0.6,300,27,0,true,2.5783111184325724
trade_imbalance,1,0.8,1800,18,0,true,2.115221021403156
trade_imbalance,1,0.6,1800,26,0,true,1.9534758144862556
obi5,-1,0.8,300,12,0,true,0.9072216533384914
obi1,1,0.6,1800,30,0,true,-0.044428317926846796
trade_imbalance,-1,0.6,900,32,0,true,-1.8628898073133888
trade_imbalance,-1,0.8,300,23,0,true,-2.2156123409474557
trade_imbalance,1,0.8,300,23,0,true,-3.567828254008514
obi5,-1,0.6,900,20,0,true,-3.930692995510734
obi5,-1,0.8,900,11,0,true,-5.98683687112195
trade_imbalance,-1,0.8,1800,20,0,true,-6.370899242630693
trade_imbalance,-1,0.8,900,23,0,true,-6.607663290976562
trade_imbalance,-1,0.6,1800,32,0,true,-7.083676116731348
obi1,-1,0.8,300,32,0,true,-7.099796131181294
obi1,1,0.6,300,30,0,true,-7.439705010004359
obi1,-1,0.6,300,32,0,true,-7.620545627736956
trade_imbalance,-1,0.6,300,32,0,true,-7.732305688955357
obi5,-1,0.6,300,20,0,true,-8.224810533202858
obi5,1,0.6,300,25,0,true,-11.097161615340916
obi1,1,0.8,300,24,0,true,-11.107043223707626
obi5,1,0.8,300,7,0,false,15.482990207488527
obi5,1,0.8,900,7,0,false,13.463020364142007
obi5,1,0.8,1800,7,0,false,8.414668591026373
obi5,-1,0.8,1800,9,0,false,1.7526570865064144
