symbol,split,heldout,signal_time,sell_time,buy_time,quantity,sell_price,buy_price,gross_cny,cost_cny,net_cny,net_bps,exit_capacity,notional
600030,morning,true,35422.0,35425.0,36325.0,200,26.78,26.84,-11.999999999999744,12.78524,-24.785239999999746,-46.27565347274038,true,5356.0
600031,morning,false,36210.0,36213.0,37113.0,100,17.75,17.79,-3.9999999999999147,10.92304,-14.923039999999915,-84.07346478873193,true,1775.0
600036,morning,false,34833.0,34836.0,35736.0,100,40.92,40.88,3.9999999999999147,12.1278,-8.127800000000086,-19.862658846530024,true,4092.0
600150,morning,true,35748.0,35751.0,36651.0,200,39.17,39.15,4.000000000000625,14.073640000000001,-10.073639999999376,-12.85887158539619,true,7834.0
600276,morning,false,34504.0,34507.0,35407.0,100,45.65,45.87,-21.999999999999886,12.374020000000002,-34.37401999999989,-75.2990580503831,true,4565.0
600406,morning,false,35088.0,35091.0,35991.0,100,22.19,22.27,-7.9999999999998295,11.15396,-19.153959999999827,-86.31798107255442,true,2219.0
600887,morning,false,34770.0,34773.0,35673.0,200,26.87,27.02,-29.999999999999716,12.79478,-42.79477999999972,-79.6330107927051,true,5374.0
600900,morning,true,34755.0,34758.0,35658.0,100,28.06,28.07,-1.0000000000001563,11.45913,-12.459130000000156,-44.401746258019095,true,2806.0
601012,morning,false,34584.0,34587.0,35487.0,200,11.45,11.52,-14.000000000000057,11.19094,-25.190940000000055,-110.00410480349369,true,2290.0
601166,morning,false,35737.0,35740.0,36640.0,300,17.89,17.89,0.0,12.790840000000001,-12.790840000000001,-23.832383081796166,true,5367.0
601318,morning,false,36884.0,36887.0,37787.0,100,54.14,54.08,6.000000000000227,12.81522,-6.815219999999773,-12.588141854451003,true,5414.0
601601,morning,false,36968.0,36971.0,37871.0,100,31.86,31.87,-1.0000000000001563,11.65673,-12.656730000000156,-39.72608286252403,true,3186.0
601688,morning,false,34661.0,34664.0,35564.0,100,18.52,18.42,9.999999999999787,10.96294,-0.9629400000002128,-5.199460043197694,true,1852.0
601899,morning,false,34630.0,34633.0,35533.0,200,31.67,31.45,44.00000000000048,13.29324,30.706760000000482,48.47925481528337,true,6334.0
603993,morning,false,40056.0,40059.0,40959.0,100,17.59,17.64,-5.000000000000071,10.91473,-15.914730000000072,-90.47600909607772,true,1759.0
600030,afternoon,true,50974.0,50977.0,51877.0,300,26.77,26.82,-15.000000000000213,14.17627,-29.176270000000216,-36.32956045324395,true,8031.0
600309,afternoon,false,51202.0,51205.0,52105.0,100,71.49,71.79,-30.000000000001137,13.71778,-43.717780000001135,-61.15230102112343,false,7148.999999999999
600406,afternoon,false,47811.0,47814.0,48714.0,100,22.37,22.38,-0.999999999999801,11.163250000000001,-12.163249999999802,-54.373044255698716,true,2237.0
600887,afternoon,false,47172.0,47175.0,48075.0,100,26.99,26.93,5.999999999999872,11.40342,-5.4034200000001285,-20.020081511671464,true,2699.0
600900,afternoon,true,47772.0,47775.0,48675.0,300,28.06,28.09,-9.000000000000341,14.37745,-23.37745000000034,-27.770788785935306,true,8418.0
601012,afternoon,false,49947.0,49950.0,50850.0,300,11.48,11.48,0.0,11.79088,-11.79088,-34.236004645760744,true,3444.0
601211,afternoon,false,51813.0,51816.0,52716.0,100,17.65,17.67,-2.0000000000003126,10.917819999999999,-12.917820000000312,-73.18878186969016,true,1764.9999999999998
601899,afternoon,false,47104.0,47107.0,48007.0,100,31.5,31.49,1.0000000000001563,11.63799,-10.637989999999844,-33.77139682539633,true,3150.0
603993,afternoon,false,47175.0,47178.0,48078.0,500,17.76,17.69,35.00000000000014,14.61725,20.382750000000144,22.953547297297458,true,8880.0
