feature,direction,threshold,horizon,trades,capacity_failures,train_net_bps,eligible
obi5,-1,0.6,900,12,0,-36.854916679856025,true
obi5,-1,0.6,1800,11,0,-38.6370161062448,true
obi1,-1,0.6,900,26,0,-40.64188075000793,true
trade_imbalance,1,0.8,1800,18,0,-46.90029132868743,true
trade_imbalance,-1,0.8,1800,19,0,-55.20575633984831,true
obi1,-1,0.8,300,23,0,-74.26090039047553,true
obi5,1,0.6,1800,27,4,-14.566997858959143,false
obi5,1,0.8,1800,18,5,-16.193898368972306,false
obi5,1,0.6,900,27,9,-19.975410923770113,false
obi5,1,0.8,900,18,4,-22.16209135955639,false
obi5,1,0.8,300,18,5,-30.800265424876134,false
obi5,-1,0.6,300,12,3,-35.2721572794898,false
obi1,1,0.8,900,32,7,-36.75474834418823,false
obi5,-1,0.8,300,2,0,-37.087755102040816,false
obi1,1,0.8,1800,32,4,-41.301960334010175,false
trade_imbalance,1,0.8,900,19,2,-41.61541698758461,false
obi1,-1,0.6,1800,26,3,-42.02136588885702,false
obi1,1,0.6,900,32,7,-42.42694702089339,false
obi5,1,0.6,300,27,4,-44.00660711896185,false
trade_imbalance,1,0.6,900,28,3,-45.192324491434775,false
obi1,-1,0.6,300,26,2,-46.690392512654064,false
trade_imbalance,-1,0.6,900,32,4,-46.855455609218254,false
obi1,1,0.6,1800,32,4,-47.70361036345685,false
trade_imbalance,1,0.8,300,23,1,-49.273061061733316,false
trade_imbalance,-1,0.8,300,23,3,-49.59605000361623,false
trade_imbalance,-1,0.8,900,23,3,-50.096758777615456,false
trade_imbalance,1,0.6,300,29,3,-50.15307662455265,false
trade_imbalance,1,0.6,1800,27,3,-51.8551193199469,false
trade_imbalance,-1,0.6,300,32,4,-54.62634848491678,false
trade_imbalance,-1,0.6,1800,32,3,-55.304042631053306,false
obi1,1,0.8,300,32,5,-59.398945424815544,false
obi5,-1,0.8,900,2,0,-59.40940688775576,false
obi1,1,0.6,300,32,5,-65.90567840752857,false
obi1,-1,0.8,900,23,1,-66.91070055891582,false
obi5,-1,0.8,1800,2,0,-68.97582908163311,false
obi1,-1,0.8,1800,23,2,-75.17967536942025,false
